accessible_parking_spaces,num_storeys,num_units
0,4,34
0,7,169
0,12,235
0,4,44
0,7,61
0,15,146
0,9,116
0,3,11
0,16,255
0,4,39
0,3,17
0,3,15
0,4,25
0,3,15
0,4,21
0,4,37
0,7,49
0,10,59
0,12,122
0,17,157
0,17,173
0,17,235
0,3,21
0,3,109
0,4,67
0,18,118
0,11,92
0,4,45
0,3,16
0,5,35
0,3,57
0,25,561
0,3,21
0,6,83
0,16,221
0,20,331
0,4,16
0,4,16
0,10,108
0,6,16
0,6,60
0,3,25
0,4,38
0,5,56
0,4,28
0,9,70
0,7,68
0,12,100
0,4,23
0,3,15
0,4,24
0,4,94
0,3,19
0,4,13
0,4,15
0,8,68
0,13,525
0,3,50
0,3,43
0,20,226
0,3,61
0,12,130
0,4,48
0,4,32
0,10,74
0,11,80
0,4,16
0,3,32
0,4,47
0,4,13
0,24,168
0,3,19
0,7,34
0,7,68
0,4,24
0,6,54
0,28,457
0,30,514
0,4,15
0,3,14
0,6,115
0,3,20
0,19,371
0,3,16
0,29,406
0,4,13
0,4,13
0,4,29
0,4,29
0,4,42
0,3,14
0,8,74
0,17,234
0,3,10
0,3,20
0,3,11
0,3,10
0,5,52
0,4,45
0,4,54
0,6,43
0,7,90
0,9,151
0,4,34
0,4,50
0,5,39
0,6,57
0,3,12
0,4,40
0,20,304
0,4,60
0,4,60
0,8,29
0,8,77
0,13,149
0,18,195
0,3,14
0,5,115
0,4,35
0,4,61
0,3,45
0,4,32
0,4,24
0,3,45
0,7,68
0,4,16
0,3,22
0,4,19
0,3,25
0,4,37
0,4,47
0,3,21
0,3,45
0,3,12
0,4,59
0,4,40
0,9,92
0,3,24
0,3,46
0,18,325
0,7,153
0,6,40
0,14,189
0,22,370
0,22,370
0,4,43
0,3,20
0,4,24
0,4,32
0,4,26
0,3,11
0,3,47
0,4,28
0,3,10
0,3,20
0,3,29
0,3,29
0,6,54
0,3,14
0,4,73
0,4,16
0,9,88
0,15,121
0,10,54
0,8,54
0,3,12
0,28,265
0,8,51
0,4,33
0,4,23
0,3,14
0,4,56
0,3,23
0,6,48
0,3,26
0,7,67
0,13,132
0,12,133
0,4,17
0,4,44
0,6,77
0,12,120
0,13,128
0,3,17
0,3,10
0,10,69
0,3,22
0,6,64
0,7,109
0,3,15
0,4,33
0,4,56
0,4,68
0,5,50
0,3,18
0,3,12
0,4,71
0,3,18
0,3,18
0,6,110
0,4,40
0,4,31
0,4,59
0,7,130
0,3,25
0,5,34
0,4,29
0,3,11
0,3,30
0,9,92
0,15,174
0,7,82
0,3,11
0,12,160
0,7,76
0,10,91
0,5,86
0,4,38
0,5,71
0,4,71
0,4,100
0,4,87
0,4,32
0,7,61
0,4,40
0,4,29
0,12,92
0,13,126
0,3,22
0,3,29
0,4,41
0,5,65
0,14,256
0,6,86
0,3,28
0,18,229
0,4,36
0,4,33
0,6,62
0,3,19
0,3,10
0,5,44
0,10,149
0,5,79
0,4,35
0,3,52
0,4,26
0,6,60
0,4,34
0,3,10
0,3,10
0,3,33
0,8,52
0,3,12
0,3,29
0,4,38
0,9,133
0,3,29
0,3,26
0,4,56
0,15,83
0,15,171
0,3,28
0,3,26
0,5,56
0,28,214
0,3,17
0,3,22
0,11,91
0,4,26
0,4,26
0,3,10
0,3,11
0,3,29
0,3,29
0,4,21
0,4,22
0,3,11
0,6,57
0,12,118
0,6,55
0,6,81
0,4,38
0,12,95
0,6,71
0,4,34
0,6,52
0,23,216
0,6,71
0,25,333
0,4,22
0,4,64
0,3,10
0,3,39
0,22,141
0,9,218
0,6,32
0,3,18
0,6,92
0,6,96
0,8,29
0,10,133
0,4,24
0,7,52
0,10,87
0,7,60
0,19,226
0,4,22
0,3,14
0,16,221
0,4,22
0,9,117
0,10,118
0,15,173
0,16,253
0,6,90
0,8,81
0,3,12
0,12,243
0,4,234
0,7,87
0,19,225
0,3,11
0,4,13
0,3,16
0,5,27
0,4,20
0,4,32
0,3,31
0,12,112
0,3,25
0,4,22
0,4,16
0,5,34
0,3,43
0,4,32
0,4,28
0,3,16
0,7,113
0,4,40
0,5,45
0,4,23
0,3,31
0,6,52
0,3,18
0,4,10
0,3,31
0,4,21
0,23,375
0,9,47
0,4,27
0,4,64
0,5,46
0,4,46
0,3,26
0,3,20
0,7,56
0,14,95
0,5,60
0,4,83
0,3,109
0,5,37
0,11,77
0,25,260
0,3,21
0,17,216
0,3,21
0,4,29
0,4,48
0,3,29
0,7,69
0,3,39
0,6,72
0,11,62
0,3,11
0,4,42
0,4,13
0,3,26
0,4,15
0,6,98
0,4,23
0,4,23
0,4,15
0,4,24
0,5,97
0,3,25
0,4,36
0,5,25
0,3,39
0,3,40
0,4,24
0,11,75
0,10,109
0,21,266
0,3,27
0,11,64
0,12,103
0,7,62
0,4,49
0,3,15
0,6,41
0,4,24
0,6,60
0,6,36
0,4,15
0,4,10
0,4,36
0,4,13
0,3,12
0,4,27
0,3,15
0,3,18
0,3,18
0,18,371
0,11,124
0,4,47
0,3,34
0,4,32
0,3,22
0,3,26
0,3,10
0,3,45
0,8,127
0,18,131
0,6,37
0,10,112
0,14,164
0,4,61
0,4,23
0,5,32
0,3,47
0,4,27
0,3,32
0,3,16
0,4,30
0,3,29
0,4,43
0,4,43
0,3,11
0,3,11
0,4,50
0,6,35
0,3,39
0,3,12
0,4,30
0,3,40
0,3,45
0,4,40
0,6,94
0,6,60
0,6,69
0,3,61
0,12,172
0,4,36
0,14,163
0,7,75
0,17,284
0,6,70
0,4,35
0,7,104
0,4,77
0,24,286
0,14,198
0,5,42
0,7,130
0,23,364
0,15,147
0,15,134
0,5,223
0,3,11
0,6,50
0,4,13
0,3,35
0,3,11
0,4,70
0,13,97
0,23,327
0,3,14
0,3,12
0,3,34
0,3,11
0,3,27
0,8,77
0,4,13
0,4,14
0,23,225
0,3,15
0,15,172
0,6,66
0,4,50
0,4,61
0,4,55
0,4,64
0,6,65
0,4,13
0,15,253
0,4,27
0,3,30
0,3,11
0,4,58
0,12,117
0,4,16
0,3,37
0,6,100
0,7,90
0,14,147
0,5,99
0,5,25
0,14,119
0,14,162
0,3,16
0,3,14
0,3,18
0,22,370
0,4,22
0,4,52
0,5,72
0,3,15
0,4,39
0,4,34
0,3,18
0,3,18
0,4,31
0,4,25
0,3,10
0,3,26
0,18,231
0,3,16
0,4,71
0,11,28
0,3,32
0,4,33
0,9,90
0,4,24
0,7,25
0,4,29
0,4,32
0,6,39
0,4,86
0,4,48
0,10,47
0,4,15
0,4,52
0,3,34
0,3,11
0,3,12
0,3,24
0,3,26
0,13,152
0,3,28
0,3,27
0,3,17
0,14,66
0,3,12
0,20,185
0,9,109
0,3,16
0,3,11
0,3,11
0,4,144
0,4,32
0,12,118
0,4,54
0,3,10
0,4,59
0,4,57
0,13,291
0,4,22
0,9,141
0,4,11
0,14,211
0,10,109
0,4,26
0,3,29
0,4,33
0,4,33
0,3,20
0,4,15
0,3,20
0,3,16
0,3,15
0,3,15
0,6,48
0,3,13
0,3,26
0,4,53
0,4,42
0,4,32
0,4,19
0,10,111
0,4,80
0,3,12
0,5,26
0,6,87
0,10,95
0,5,45
0,4,66
0,6,83
0,3,12
0,4,60
0,4,41
0,12,159
0,15,229
0,5,40
0,13,153
0,3,23
0,11,105
0,15,162
0,13,165
0,4,40
0,4,16
0,4,16
0,3,16
0,3,33
0,3,15
0,4,14
0,4,26
0,3,12
0,16,249
0,4,81
0,3,11
0,3,13
0,3,12
0,3,12
0,3,25
0,4,76
0,3,12
0,12,108
0,3,12
0,3,26
0,11,86
0,4,28
0,3,41
0,10,84
0,5,44
0,4,30
0,4,29
0,3,54
0,4,22
0,4,41
0,3,31
0,4,29
0,17,259
0,3,28
0,3,17
0,12,173
0,10,81
0,9,99
0,6,90
0,6,70
0,6,60
0,4,46
0,6,97
0,4,88
0,3,11
0,6,69
0,4,19
0,6,51
0,3,26
0,4,112
0,12,83
0,5,48
0,3,21
0,8,151
0,12,248
0,13,214
0,3,19
0,4,28
0,4,23
0,5,111
0,3,18
0,3,42
0,4,10
0,3,18
0,4,32
0,5,177
0,4,25
0,8,174
0,3,12
0,3,12
0,3,11
0,6,42
0,0,49
0,8,60
0,5,46
0,17,157
0,4,39
0,4,16
0,3,60
0,4,20
0,18,275
0,7,75
0,7,66
0,5,28
0,5,55
0,4,38
0,3,31
0,7,39
0,4,71
0,3,24
0,6,103
0,3,24
0,3,18
0,3,10
0,4,40
0,23,458
0,4,47
0,7,63
0,3,25
0,4,43
0,7,61
0,18,102
0,3,27
0,12,76
0,24,172
0,3,18
0,8,57
0,4,48
0,4,28
0,4,74
0,8,80
0,4,31
0,4,19
0,5,12
0,11,60
0,30,300
0,13,76
0,10,84
0,3,36
0,7,67
0,6,56
0,6,48
0,18,120
0,9,91
0,4,14
0,3,17
0,3,11
0,3,11
0,5,16
0,3,23
0,3,23
0,3,17
0,3,18
0,5,61
0,4,36
0,4,12
0,4,33
0,24,284
0,5,69
0,11,138
0,6,110
0,6,42
0,4,46
0,3,22
0,6,49
0,3,11
0,3,11
0,4,22
0,6,40
0,12,153
0,4,28
0,3,16
0,4,16
0,4,35
0,11,157
0,17,272
0,24,371
0,3,31
0,9,91
0,4,31
0,11,63
0,4,45
0,8,47
0,6,56
0,4,35
0,7,70
0,8,76
0,6,31
0,10,83
0,9,104
0,3,18
0,6,40
0,3,10
0,3,12
0,4,45
0,4,34
0,3,35
0,3,23
0,12,95
0,3,29
0,13,155
0,7,150
0,4,54
0,3,45
0,18,110
0,3,11
0,4,42
0,3,16
0,30,296
0,3,11
0,3,15
0,4,32
0,8,128
0,3,30
0,6,67
0,3,12
0,3,20
0,6,48
0,5,32
0,4,16
0,4,31
0,27,419
0,3,24
0,6,38
0,9,70
0,8,52
0,9,66
0,4,41
0,14,96
0,10,139
0,7,82
0,3,11
0,3,11
0,4,64
0,4,78
0,13,151
0,12,112
0,4,57
0,24,148
0,4,44
0,6,57
0,4,22
0,4,20
0,3,26
0,3,11
0,3,11
0,3,20
0,3,16
0,26,284
0,3,30
0,4,20
0,3,17
0,3,10
0,4,35
0,4,32
0,4,12
0,17,327
0,3,31
0,4,34
0,11,117
0,11,86
0,5,19
0,4,31
0,5,66
0,4,16
0,4,29
0,4,62
0,3,12
0,4,28
0,7,108
0,7,110
0,4,21
0,8,86
0,14,251
0,4,60
0,4,112
0,6,65
0,6,65
0,4,56
0,3,11
0,3,54
0,6,93
0,3,18
0,4,16
0,3,12
0,3,12
0,10,90
0,7,97
0,4,16
0,15,168
0,16,171
0,6,117
0,21,352
0,4,19
0,4,24
0,4,24
0,4,11
0,4,72
0,4,14
0,4,66
0,20,356
0,7,78
0,5,24
0,16,122
0,7,33
0,11,81
0,6,32
0,7,104
0,8,133
0,4,54
0,12,118
0,5,40
0,4,40
0,5,84
0,6,66
0,4,38
0,3,18
0,4,25
0,4,13
0,6,24
0,4,65
0,7,83
0,4,32
0,4,23
0,4,24
0,4,33
0,3,31
0,9,97
0,7,96
0,7,48
0,4,18
0,4,37
0,4,10
0,3,16
0,8,96
0,6,39
0,4,32
0,11,62
0,4,32
0,4,15
0,3,11
0,8,112
0,4,32
0,3,12
0,3,18
0,3,14
0,3,15
0,4,16
0,3,21
0,3,15
0,20,154
0,9,61
0,5,32
0,6,41
0,4,20
0,3,10
0,4,17
0,28,217
0,17,278
0,17,284
0,4,61
0,4,30
0,4,24
0,3,16
0,4,11
0,5,91
0,6,59
0,3,11
0,3,12
0,4,15
0,4,15
0,3,26
0,3,10
0,3,21
0,3,27
0,3,24
0,3,15
0,25,336
0,4,24
0,6,42
0,4,31
0,3,23
0,29,159
0,22,370
0,4,26
0,12,96
0,12,272
0,3,26
0,7,122
0,6,58
0,4,22
0,5,39
0,6,84
0,11,221
0,5,36
0,5,43
0,3,19
0,3,12
0,4,65
0,4,18
0,4,29
0,3,26
0,3,21
0,4,13
0,3,41
0,10,91
0,3,12
0,4,10
0,4,29
0,13,103
0,4,42
0,3,12
0,3,10
0,7,75
0,19,151
0,3,22
0,7,130
0,11,262
0,4,28
0,6,94
0,4,42
0,11,216
0,3,20
0,17,260
0,6,54
0,4,15
0,3,180
0,5,33
0,7,54
0,4,77
0,4,35
0,18,214
0,4,30
0,6,62
0,6,85
0,4,38
0,12,57
0,12,52
0,9,57
0,7,39
0,4,26
0,4,44
0,3,48
0,3,38
0,8,43
0,8,47
0,5,48
0,4,16
0,4,21
0,4,16
0,4,39
0,3,48
0,3,38
0,4,24
0,3,27
0,4,61
0,12,250
0,3,11
0,3,30
0,4,18
0,14,93
0,8,76
0,13,128
0,3,39
0,4,24
0,4,27
0,3,31
0,15,162
0,20,129
0,3,36
0,3,11
0,3,16
0,16,188
0,3,36
0,3,23
0,4,24
0,6,60
0,4,71
0,3,26
0,12,155
0,11,86
0,3,13
0,3,40
0,4,28
0,6,49
0,12,134
0,6,77
0,7,74
0,8,65
0,6,60
0,6,60
0,9,102
0,6,44
0,4,60
0,4,68
0,9,116
0,11,149
0,3,38
0,3,21
0,3,25
0,4,21
0,6,60
0,10,133
0,4,49
0,4,30
0,5,51
0,4,18
0,6,10
0,4,18
0,8,48
0,12,89
0,3,61
0,9,48
0,18,235
0,3,24
0,8,102
0,3,21
0,3,18
0,13,172
0,12,50
0,4,41
0,4,30
0,8,88
0,4,15
0,4,37
0,6,32
0,4,24
0,3,20
0,6,30
0,5,41
0,3,26
0,3,32
0,7,65
0,11,76
0,23,287
0,24,291
0,4,32
0,7,61
0,3,15
0,3,12
0,3,25
0,3,21
0,4,27
0,3,32
0,4,22
0,15,113
0,4,34
0,4,16
0,3,12
0,7,63
0,3,24
0,26,209
0,4,28
0,4,32
0,8,44
0,3,17
0,9,52
0,12,63
0,13,118
0,13,118
0,3,10
0,3,29
0,4,24
0,6,51
0,5,49
0,3,22
0,3,24
0,3,30
0,3,17
0,3,11
0,3,11
0,3,21
0,3,12
0,5,60
0,3,11
0,3,11
0,3,20
0,4,13
0,3,12
0,3,11
0,3,12
0,3,18
0,3,30
0,6,64
0,4,32
0,4,32
0,3,36
0,16,216
0,4,37
0,7,97
0,18,139
0,25,246
0,16,216
0,6,106
0,9,92
0,4,32
0,4,27
0,3,11
0,3,304
0,14,246
0,10,194
0,7,61
0,3,11
0,23,466
0,14,137
0,18,214
0,19,137
0,6,33
0,12,167
0,13,207
0,4,70
0,5,54
0,6,49
0,3,17
0,13,176
0,16,121
0,9,177
0,4,31
0,18,287
0,4,24
0,4,24
0,4,54
0,5,31
0,4,25
0,13,167
0,17,356
0,5,60
0,4,36
0,15,225
0,6,88
0,3,50
0,4,55
0,4,42
0,6,85
0,15,119
0,5,72
0,3,14
0,6,66
0,6,84
0,3,12
0,4,42
0,4,25
0,4,60
0,3,34
0,7,146
0,7,97
0,4,19
0,3,25
0,4,40
0,13,184
0,25,245
0,3,34
0,4,37
0,12,100
0,10,136
0,11,118
0,4,58
0,15,171
0,17,81
0,3,16
0,3,18
0,7,48
0,3,12
0,4,45
0,7,39
0,10,90
0,4,37
0,17,198
0,4,29
0,13,175
0,3,41
0,3,64
0,3,10
0,5,46
0,4,41
0,29,584
0,28,427
0,15,235
0,3,48
0,12,82
0,3,35
0,3,16
0,4,60
0,4,57
0,3,39
0,20,159
0,7,63
0,4,16
0,7,76
0,9,44
0,4,33
0,3,28
0,9,91
0,3,11
0,6,60
0,13,153
0,3,11
0,17,371
0,4,43
0,14,82
0,3,26
0,8,135
0,4,48
0,4,48
0,9,71
0,7,121
0,5,20
0,4,15
0,3,44
0,4,24
0,19,343
0,24,196
0,13,200
0,20,158
0,4,31
0,4,48
0,4,32
0,15,268
0,14,120
0,11,138
0,7,78
0,7,87
0,5,62
0,9,64
0,5,87
0,10,77
0,4,16
0,4,11
0,4,35
0,14,151
0,4,39
0,3,19
0,4,56
0,4,29
0,4,14
0,5,53
0,3,17
0,3,13
0,5,36
0,5,38
0,3,12
0,4,33
0,4,32
0,7,136
0,12,95
0,6,120
0,16,121
0,5,62
0,3,33
0,3,15
0,6,72
0,3,10
0,3,10
0,4,25
0,4,41
0,6,102
0,4,34
0,6,59
0,11,212
0,4,36
0,6,69
0,9,187
0,7,51
0,6,71
0,6,65
0,25,298
0,3,36
0,15,100
0,10,61
0,4,18
0,23,193
0,6,49
0,20,313
0,4,12
0,8,68
0,10,105
0,4,41
0,4,30
0,6,97
0,9,54
0,4,26
0,4,16
0,3,17
0,4,13
0,20,146
0,3,30
0,10,120
0,3,15
0,3,11
0,4,46
0,3,11
0,3,40
0,4,35
0,4,15
0,4,42
0,14,82
0,6,47
0,4,33
0,3,24
0,3,16
0,10,93
0,3,27
0,3,26
0,12,142
0,6,62
0,15,102
0,15,163
0,11,108
0,8,97
0,6,73
0,4,32
0,6,13
0,4,29
0,3,28
0,3,18
0,4,15
0,4,15
0,3,11
0,3,11
0,4,22
0,3,26
0,4,15
0,3,11
0,3,10
0,3,28
0,3,36
0,7,110
0,7,36
0,5,64
0,5,62
0,9,69
0,4,48
0,4,54
0,3,24
0,10,80
0,7,66
0,5,27
0,6,66
0,7,82
0,8,72
0,3,30
0,5,21
0,3,11
0,3,12
0,3,11
0,4,61
0,4,62
0,7,45
0,4,67
0,8,77
0,4,25
0,3,12
0,3,12
0,3,19
0,5,78
0,9,153
0,4,16
0,6,72
0,4,60
0,16,65
0,4,33
0,4,37
0,3,18
0,4,29
0,4,16
0,4,16
0,3,11
0,4,38
0,4,12
0,3,11
0,3,18
0,3,18
0,4,25
0,4,48
0,6,57
0,4,80
0,7,84
0,8,44
0,8,66
0,7,90
0,3,45
0,3,11
0,4,102
0,4,51
0,3,11
0,4,34
0,4,36
0,4,47
0,4,56
0,4,56
0,4,16
0,7,112
0,6,40
0,4,28
0,9,80
0,23,267
0,3,19
0,9,63
0,3,26
0,7,48
0,13,70
0,7,96
0,10,63
0,15,85
0,9,88
0,4,28
0,12,180
0,4,50
0,7,72
0,4,32
0,3,16
0,3,19
0,16,267
0,16,264
0,4,25
0,4,57
0,13,169
0,28,218
0,3,64
0,4,27
0,4,50
0,4,21
0,3,11
0,4,87
0,21,118
0,6,75
0,4,33
0,5,26
0,3,64
0,4,15
0,3,19
0,3,14
0,3,16
0,6,55
0,4,25
0,3,13
0,3,26
0,28,638
0,4,15
0,4,24
0,4,24
0,15,221
0,4,73
0,18,142
0,3,23
0,13,178
0,5,27
0,4,52
0,15,187
0,7,52
0,4,47
0,4,48
0,5,45
0,3,26
0,4,17
0,4,14
0,8,77
0,6,76
0,6,71
0,4,33
0,6,65
0,4,53
0,29,587
0,3,22
0,32,163
0,3,47
0,4,52
0,3,30
0,20,357
0,3,24
0,3,24
0,3,25
0,4,46
0,4,26
0,3,12
0,3,108
0,4,22
0,3,29
0,3,12
0,3,46
0,3,14
0,3,41
0,6,79
0,6,70
0,7,77
0,11,231
0,4,36
0,12,211
0,4,14
0,5,60
1,7,105
1,32,571
1,5,87
1,8,77
1,20,161
1,21,237
1,19,176
1,4,40
1,30,483
1,15,138
1,4,27
1,14,305
1,10,108
1,12,171
1,14,251
1,3,15
1,4,36
1,28,267
1,11,57
1,4,50
1,8,135
1,5,32
1,15,96
1,10,331
1,18,138
1,4,38
1,4,30
1,4,16
1,14,201
1,7,95
1,4,36
1,4,36
1,6,72
1,3,13
1,21,117
1,15,210
1,4,60
1,21,281
1,8,154
1,15,118
1,3,12
1,4,34
1,3,24
1,21,275
1,7,73
1,12,93
1,3,35
1,8,89
1,17,216
1,7,118
1,18,245
1,16,218
1,15,141
1,17,202
1,13,177
1,6,112
1,5,64
1,14,220
1,4,36
1,3,17
1,13,167
1,5,40
1,15,195
1,15,197
1,12,141
1,17,243
1,10,174
1,17,202
1,12,143
1,11,129
1,14,96
1,7,89
1,14,170
1,20,234
1,12,167
1,9,132
1,7,109
1,7,81
1,14,123
1,16,188
1,4,138
1,6,72
1,3,12
1,12,137
1,13,144
1,21,117
1,4,95
1,7,100
1,4,12
1,6,55
1,5,49
1,8,44
1,4,41
1,3,15
1,3,18
1,3,27
1,19,255
1,4,16
1,11,139
1,12,160
1,4,47
1,11,88
1,20,109
1,4,14
1,19,222
1,21,275
1,4,16
1,5,87
1,17,73
1,7,92
1,5,24
1,4,120
1,4,28
1,6,55
1,4,83
1,7,80
1,5,62
1,7,53
1,23,416
1,8,132
1,17,219
1,14,175
1,15,123
1,15,118
1,15,131
1,10,205
1,12,188
1,4,90
1,3,65
1,16,168
1,4,30
1,4,43
1,21,327
1,7,91
1,4,28
1,23,245
1,10,78
1,6,63
1,10,135
1,3,23
1,9,203
1,7,114
1,8,85
1,11,126
1,15,145
1,7,79
1,14,174
1,3,11
1,16,224
1,14,175
1,18,252
1,15,196
1,9,68
1,3,18
1,19,304
1,3,34
1,4,30
1,6,98
1,18,221
1,5,15
1,5,88
1,7,73
1,3,11
1,4,18
1,28,388
1,7,78
1,4,21
1,4,20
1,4,41
1,3,22
1,9,93
1,6,53
1,4,58
1,11,112
1,9,101
1,12,108
1,11,121
1,6,54
1,13,123
1,9,141
1,4,66
1,4,65
1,7,104
1,11,106
1,9,176
1,12,101
1,22,568
1,3,32
1,4,42
1,4,82
1,16,140
1,22,263
1,13,128
1,14,109
1,13,112
1,15,174
1,18,263
1,5,61
1,5,68
1,6,418
1,4,38
1,4,26
1,4,20
1,8,65
1,3,45
1,10,232
1,21,344
1,22,159
1,7,83
1,12,234
1,15,206
1,4,62
1,8,56
1,22,303
1,29,554
1,4,43
1,8,94
1,6,61
1,6,21
1,15,239
1,23,336
1,3,28
1,15,174
1,19,136
1,4,49
1,4,119
1,18,138
1,4,26
1,6,84
1,4,30
1,16,127
1,24,200
1,6,46
1,3,13
1,4,52
1,19,165
1,6,74
1,17,233
1,10,65
1,24,163
1,3,23
1,3,31
1,13,167
1,22,129
1,15,84
1,9,113
1,7,60
1,10,128
1,4,27
1,9,75
1,30,233
1,24,381
1,4,44
1,7,138
1,5,59
1,7,130
1,7,57
1,6,22
1,12,141
1,7,181
1,3,57
1,4,36
1,19,137
1,21,254
1,11,129
1,8,111
1,4,27
1,4,33
1,11,121
1,5,53
1,12,141
1,5,61
1,4,23
1,7,107
1,7,75
1,9,110
1,19,223
1,13,155
1,14,125
1,17,180
1,4,36
1,10,83
1,16,229
1,11,104
1,16,202
1,12,67
1,4,36
1,4,26
1,4,30
1,4,30
1,4,10
1,15,239
1,8,69
1,7,73
1,3,19
1,15,210
1,3,20
1,7,100
1,4,29
1,8,134
1,4,38
1,24,334
1,18,326
1,8,84
1,10,128
1,5,38
1,4,70
1,3,44
1,6,59
1,12,54
1,15,131
1,5,29
1,16,224
1,6,22
1,6,22
1,5,28
1,14,215
1,32,565
1,19,185
1,3,30
1,7,149
1,4,40
1,9,103
1,5,62
1,12,166
1,15,194
1,4,30
1,4,81
1,17,95
1,10,100
1,17,192
1,11,194
1,17,204
1,27,258
1,34,428
1,5,48
1,17,216
1,6,82
1,4,22
1,6,71
1,8,62
1,3,14
1,3,13
1,22,159
1,5,68
1,4,32
1,13,162
2,7,71
2,18,287
2,6,106
2,10,117
2,24,184
2,6,174
2,9,200
2,4,16
2,36,466
2,18,287
2,23,318
2,24,284
2,21,329
2,7,84
2,4,92
2,16,132
2,7,92
2,15,171
2,9,113
2,9,133
2,8,92
2,17,201
2,17,201
2,12,101
2,3,61
2,3,46
2,21,208
2,15,195
2,8,179
2,7,97
2,29,493
2,18,315
2,7,118
2,7,81
2,4,40
2,3,40
2,3,55
2,3,31
2,4,34
2,6,49
2,14,170
2,16,152
2,13,202
2,14,129
2,6,48
2,15,181
2,17,200
2,9,99
2,9,75
2,9,207
2,13,190
2,7,129
2,13,124
2,12,181
2,3,24
2,7,74
2,12,154
2,7,220
2,3,48
2,20,279
2,3,14
2,8,100
2,16,156
2,20,238
2,6,46
2,4,52
2,5,48
2,23,227
2,4,46
2,4,61
2,4,61
2,7,132
2,24,383
2,20,304
2,4,29
2,5,72
2,32,163
2,25,401
2,24,196
2,20,188
2,6,171
2,14,179
2,14,157
2,4,71
2,17,198
2,3,33
2,6,41
2,4,30
2,21,372
2,7,101
2,8,72
2,6,60
2,9,188
2,6,228
2,4,38
2,4,47
2,17,121
2,19,365
2,7,55
2,19,295
2,4,75
2,16,181
2,14,152
2,6,58
2,6,50
2,21,236
2,20,238
2,13,153
2,19,390
2,6,47
2,10,150
2,8,97
2,14,175
2,7,74
2,3,22
2,13,155
2,5,37
2,24,285
2,4,26
2,4,35
2,17,233
2,8,71
2,14,192
2,13,149
2,8,112
2,10,137
2,13,174
2,11,118
2,12,200
2,9,110
2,13,188
2,15,196
2,4,201
2,7,101
2,18,190
2,19,145
2,6,41
2,3,31
2,20,305
2,9,244
2,7,71
2,3,54
2,20,400
2,16,304
2,18,265
2,6,42
2,4,42
2,5,131
2,4,14
2,11,155
2,6,42
2,7,89
2,15,350
2,13,153
2,6,126
2,11,164
2,6,84
2,6,84
2,16,176
2,16,246
2,6,44
2,15,88
2,6,71
2,4,68
2,4,14
2,4,28
2,15,207
2,4,46
2,3,105
2,14,167
2,7,95
2,30,342
2,24,411
2,17,391
2,11,133
2,4,21
2,6,100
2,15,214
2,3,16
2,19,154
2,9,124
2,6,53
2,17,300
2,12,137
2,43,496
2,7,118
2,14,189
2,7,73
2,28,216
2,18,139
2,4,25
2,12,164
2,12,164
2,6,107
2,16,178
2,13,142
2,6,90
2,6,60
2,11,192
2,4,28
2,4,30
2,4,30
2,15,174
2,43,500
2,6,62
2,8,305
2,19,247
2,18,107
2,6,106
2,10,82
2,5,77
2,8,105
2,11,185
2,6,75
2,22,236
2,4,37
2,4,48
2,7,93
2,21,266
2,14,258
2,10,202
2,5,36
2,7,114
2,7,69
2,18,246
2,19,225
2,6,65
2,6,47
2,4,28
2,7,55
2,7,134
2,30,575
2,9,113
2,12,106
2,4,66
2,32,147
2,15,240
2,16,312
2,23,262
2,15,204
2,20,154
2,14,246
2,3,41
2,25,217
2,14,181
2,12,154
2,5,59
2,5,127
2,6,200
2,6,91
2,5,72
2,12,145
2,4,37
2,7,67
2,6,76
2,4,21
2,18,280
2,7,118
2,3,36
2,7,131
2,13,111
2,23,250
2,9,130
2,3,45
2,17,297
2,7,76
2,4,30
2,3,31
2,4,53
2,3,39
2,10,106
2,19,218
2,19,328
2,7,96
2,3,47
2,5,70
2,3,48
2,7,97
2,6,55
3,10,153
3,7,58
3,9,80
3,14,279
3,7,111
3,27,263
3,17,214
3,3,11
3,8,95
3,4,38
3,6,60
3,3,31
3,3,31
3,12,212
3,7,25
3,5,60
3,5,59
3,4,119
3,12,141
3,4,30
3,3,31
3,3,31
3,7,81
3,12,213
3,23,321
3,18,287
3,6,81
3,11,263
3,12,208
3,26,201
3,17,250
3,15,239
3,3,12
3,8,95
3,19,142
3,3,55
3,4,53
3,11,85
3,21,438
3,3,10
3,13,228
3,19,126
3,5,71
3,11,243
3,10,141
3,19,265
3,3,11
3,11,194
3,12,110
3,3,31
3,25,474
3,7,54
3,11,131
3,6,77
3,14,157
3,21,330
3,22,278
3,8,200
3,10,103
3,8,128
3,9,53
3,13,180
3,21,250
3,7,103
3,19,247
3,15,223
3,3,30
3,19,149
3,3,18
3,11,210
3,21,346
3,4,55
3,18,128
3,4,40
3,4,102
3,17,267
3,14,279
3,3,31
3,6,55
3,16,141
3,9,125
3,4,30
3,9,83
3,7,221
3,5,50
3,12,160
3,12,142
3,8,57
3,16,164
3,19,128
3,5,107
3,16,178
3,28,223
3,23,263
3,22,167
3,9,125
3,16,230
3,16,218
3,3,11
3,5,38
3,4,53
3,31,416
3,5,113
3,24,327
3,16,186
3,25,547
3,4,30
3,10,177
3,3,36
4,10,105
4,12,88
4,14,301
4,4,10
4,4,16
4,14,186
4,16,221
4,10,283
4,14,239
4,6,100
4,4,61
4,3,10
4,4,11
4,11,185
4,12,237
4,27,469
4,3,31
4,6,179
4,17,400
4,14,236
4,9,106
4,6,397
4,20,266
4,7,51
4,3,37
4,11,198
4,12,125
4,12,115
4,18,139
4,13,149
4,20,384
4,17,352
4,22,332
4,10,155
4,7,61
4,3,11
4,20,210
4,12,275
4,5,128
4,3,10
4,3,16
4,8,111
4,4,41
4,29,324
4,16,299
4,6,25
4,21,218
4,9,184
4,4,15
4,5,90
4,10,122
4,3,10
4,6,200
4,6,70
4,3,10
4,13,144
4,23,175
4,3,238
4,16,204
4,16,307
4,4,22
4,3,75
4,15,203
4,13,184
4,7,57
4,25,460
4,16,156
4,16,170
4,4,27
4,11,138
4,13,128
4,13,198
4,4,108
4,11,294
4,14,190
4,17,193
4,8,133
4,3,55
4,6,110
4,9,148
4,9,97
4,13,128
4,15,145
4,10,99
4,20,419
4,3,20
4,6,62
4,11,219
4,9,107
4,13,115
4,3,40
4,33,447
4,22,271
4,3,13
4,14,300
4,37,337
4,14,166
4,7,247
4,10,186
4,7,164
4,7,102
4,3,66
4,5,126
4,7,160
4,28,479
4,7,92
4,11,81
4,3,14
4,3,63
4,30,251
4,16,180
4,6,106
4,4,31
4,27,306
4,20,380
4,11,299
4,18,139
4,29,272
4,10,176
4,6,60
4,9,128
4,15,180
4,10,113
4,3,34
4,5,130
4,4,246
4,8,128
4,8,94
4,3,37
4,26,283
4,3,10
4,11,323
4,7,300
4,14,178
4,8,254
4,4,61
4,10,330
4,6,48
4,25,183
4,3,15
4,19,335
4,14,389
4,41,298
4,4,43
4,15,255
4,6,22
4,17,228
4,12,164
4,8,63
4,6,77
4,14,291
4,3,10
5,4,14
5,19,244
5,5,37
5,12,164
5,6,100
5,13,213
5,11,132
5,3,15
5,19,255
5,7,68
5,5,110
5,17,231
5,3,12
5,15,188
5,8,50
5,11,128
5,5,26
5,16,135
5,18,244
5,17,350
5,8,104
5,19,224
5,6,76
5,3,12
5,17,90
5,22,575
5,21,301
5,18,248
5,3,12
5,19,204
5,24,374
5,4,29
5,19,350
5,17,253
5,4,48
5,10,221
5,3,11
5,3,21
5,5,26
5,13,178
5,14,101
5,8,63
5,33,293
5,6,65
5,4,105
5,16,304
5,4,48
5,12,162
5,11,200
5,4,57
5,21,326
5,25,329
5,15,144
5,4,14
5,17,148
5,8,115
5,8,61
5,7,103
5,13,128
5,3,19
5,10,132
5,24,327
5,4,51
5,3,12
5,12,119
5,4,16
5,5,107
5,3,10
5,4,48
5,20,275
5,31,369
5,29,217
5,16,220
5,3,11
6,4,171
6,4,40
6,4,13
6,6,95
6,7,200
6,3,23
6,5,40
6,3,20
6,3,11
6,27,420
6,16,300
6,3,10
6,19,238
6,24,447
6,29,719
6,19,221
6,13,179
6,7,174
6,3,22
6,10,99
6,3,11
6,12,184
6,3,11
6,19,224
6,20,210
6,3,11
6,3,12
6,18,176
6,3,18
6,6,59
6,8,139
6,9,186
6,10,119
6,6,48
6,3,16
6,14,165
6,24,278
6,23,335
6,51,502
6,12,162
6,11,236
6,10,198
6,4,24
6,3,90
6,8,145
6,12,138
6,13,400
6,13,375
6,14,345
6,10,185
6,3,75
6,5,132
6,7,138
6,14,350
6,5,189
6,3,42
6,5,108
6,3,29
6,12,126
6,7,121
6,4,21
6,3,11
6,11,167
6,29,463
6,16,301
6,6,105
6,5,110
6,4,36
6,10,82
6,12,161
6,14,260
6,17,192
6,8,155
6,15,300
6,8,124
6,7,102
6,12,53
6,7,180
6,14,257
6,5,132
6,11,102
6,20,340
6,7,72
6,3,17
6,4,15
6,10,153
6,3,11
6,24,278
6,7,114
6,12,196
6,16,180
6,3,20
6,3,33
6,4,52
6,15,172
6,4,26
6,11,212
6,7,81
6,3,13
6,6,106
6,7,157
6,10,167
6,15,378
6,24,293
6,7,160
6,11,330
6,6,66
6,14,237
6,5,112
6,16,101
6,11,150
6,12,166
6,6,196
6,11,139
6,23,4111
6,23,228
6,11,97
6,8,42
6,7,147
6,13,300
6,15,145
6,9,251
6,7,155
6,15,266
6,3,11
6,4,32
6,30,336
6,18,190
6,4,109
6,16,306
6,3,10
6,3,11
6,4,79
6,16,265
6,13,293
6,16,217
7,6,41
7,20,207
7,4,32
7,4,34
7,12,224
7,4,97
7,6,63
7,3,10
7,3,10
7,3,11
7,16,221
7,4,72
7,4,93
7,3,17
7,3,11
7,3,10
7,3,19
7,3,15
8,17,218
8,3,15
8,13,123
8,3,10
8,3,41
8,6,31
8,3,12
8,3,17
8,3,17
8,29,366
8,4,19
8,3,23
8,4,34
8,3,16
8,3,10
8,29,277
8,3,15
8,14,232
8,7,77
8,3,10
8,13,233
8,3,16
8,3,10
8,4,15
8,3,11
8,3,30
8,3,10
8,3,23
8,3,11
8,3,10
9,4,26
9,9,141
9,3,19
9,10,240
9,3,11
9,3,11
9,3,33
9,3,10
9,3,10
9,3,11
9,4,34
9,3,24
9,3,11
9,3,11
9,3,11
9,19,289
9,5,25
9,4,27
9,3,12
9,3,10
9,6,297
9,19,228
9,4,34
9,3,12
9,18,136
9,3,10
9,3,10
9,3,16
10,14,206
10,3,16
10,5,64
10,3,11
10,3,10
10,20,332
10,3,12
10,19,150
10,3,17
10,8,150
10,11,258
10,3,16
10,3,16
10,3,30
10,7,140
10,11,85
10,18,107
10,5,34
10,4,22
10,4,15
10,3,10
10,3,11
10,3,17
10,17,319
10,3,11
10,3,10
10,3,10
10,4,21
10,18,275
10,8,160
10,3,11
10,3,11
10,3,10
10,3,10
10,3,26
10,3,18
10,4,21
10,14,206
10,4,34
10,27,214
10,3,10
10,19,231
10,3,10
10,5,125
10,3,12
10,4,30
10,3,11
10,22,310
10,3,10
10,3,38
10,3,10
10,3,10
10,3,12
10,3,25
10,3,10
10,18,421
10,13,47
10,5,60
10,3,11
10,20,314
10,3,26
10,3,11
10,7,135
10,3,10
10,3,10
10,15,201
10,3,16
10,4,15
10,3,11
10,22,280
10,27,214
10,23,367
10,14,189
10,3,41
10,4,53
10,3,10
10,14,183
10,3,25
10,17,308
10,18,179
11,3,11
11,3,11
11,3,12
11,14,154
11,4,49
11,3,14
11,3,11
11,13,115
11,4,49
11,3,11
11,3,11
11,3,18
11,4,40
11,6,102
11,3,12
11,3,12
11,3,10
11,3,11
11,3,10
11,3,11
11,4,21
11,4,24
11,3,16
11,3,11
11,3,12
11,3,11
11,3,11
11,8,55
11,3,11
11,3,36
11,7,103
11,3,11
11,7,38
11,3,11
11,3,11
12,4,25
12,4,26
12,3,12
12,3,12
12,3,15
12,3,12
12,4,18
12,3,11
12,3,12
12,3,11
12,3,11
12,4,31
12,4,14
12,7,195
12,3,12
12,4,26
12,7,96
12,4,25
12,3,12
12,3,11
12,3,12
12,3,11
12,3,10
12,3,11
12,3,12
12,8,38
12,4,29
12,3,38
12,4,22
12,3,12
12,13,170
12,3,22
12,6,90
12,3,10
12,23,227
12,3,12
12,3,25
12,4,70
12,3,12
12,7,54
12,3,12
13,3,12
13,3,10
13,15,149
13,3,10
13,3,13
13,3,13
13,3,12
13,14,117
13,4,19
13,3,11
13,4,29
13,3,13
13,3,12
13,4,30
13,3,22
13,4,23
13,3,13
13,5,32
13,3,17
14,6,42
14,10,79
14,4,23
14,4,29
14,3,17
14,3,12
14,3,11
14,8,111
14,4,23
14,10,140
14,3,11
14,3,11
14,3,12
14,4,14
14,13,121
14,4,14
14,3,11
14,3,12
14,4,36
14,3,11
14,3,12
14,4,39
15,10,129
15,16,222
15,14,192
15,4,23
15,3,34
15,3,12
15,3,12
15,4,15
15,3,10
15,4,28
15,12,152
15,16,128
15,18,286
15,4,30
15,4,33
15,5,16
15,4,23
15,3,12
15,22,219
15,3,15
15,13,230
15,3,11
16,17,146
16,8,106
16,4,25
16,3,21
16,3,22
16,4,25
16,3,13
16,11,148
16,4,26
16,3,26
16,4,32
16,6,37
16,9,115
16,18,202
16,3,39
16,4,16
17,3,17
17,4,36
17,14,133
17,3,40
17,3,40
17,4,31
17,3,17
17,4,17
17,3,40
17,7,48
17,4,24
17,3,32
17,4,40
18,14,221
18,11,158
18,7,72
18,5,25
18,15,174
18,12,180
18,4,44
18,43,369
18,5,45
18,4,23
18,4,35
18,3,12
18,4,39
18,13,144
18,4,50
18,3,20
18,3,18
19,4,19
19,3,15
19,4,34
19,3,17
19,4,39
19,12,264
19,4,22
19,3,36
19,4,43
20,4,34
20,9,101
20,10,42
20,3,28
20,16,194
20,4,20
20,3,20
20,4,30
20,3,28
20,3,12
20,4,30
20,3,17
20,5,39
20,4,27
20,4,25
21,3,11
21,3,21
21,3,18
21,3,11
21,4,50
21,3,21
21,13,170
21,3,21
21,9,175
22,3,22
22,3,20
22,4,30
22,3,22
23,3,26
23,3,22
23,16,225
23,4,34
23,13,156
23,4,42
23,16,171
23,15,154
23,4,23
24,4,50
24,3,36
24,3,37
24,4,44
24,3,30
24,4,36
24,4,28
24,3,24
24,3,38
24,3,21
24,3,24
25,3,24
25,4,37
25,4,36
25,23,293
25,7,128
25,6,45
25,4,29
25,4,47
25,4,38
25,4,38
25,3,20
25,7,76
25,3,36
25,4,26
25,4,37
25,5,28
25,4,37
25,4,26
26,4,27
26,5,52
26,3,26
26,4,18
26,6,71
26,3,23
27,4,30
27,4,43
27,3,27
27,5,33
27,3,23
27,4,24
27,4,27
27,3,21
28,3,22
28,3,28
28,3,20
28,3,26
28,3,25
28,3,19
28,3,22
28,4,41
28,4,26
29,4,25
29,4,33
29,5,24
29,4,44
29,9,76
29,3,29
30,7,150
30,4,37
30,13,160
30,6,34
30,3,32
30,6,74
30,8,61
30,7,77
30,3,26
30,5,55
30,4,27
30,4,37
30,4,34
30,3,30
31,4,32
31,5,31
31,4,31
32,5,47
32,4,27
32,22,238
32,11,136
32,4,32
34,4,35
34,4,34
34,4,35
34,4,30
34,3,34
34,4,30
35,4,30
35,4,35
35,4,35
35,5,34
35,8,71
36,7,47
37,20,332
37,7,76
37,4,48
37,8,62
37,4,44
38,6,52
39,11,241
39,5,48
39,3,39
39,26,307
40,10,150
40,7,48
40,33,319
40,3,74
40,4,47
40,4,60
40,4,87
40,5,47
40,6,42
40,6,46
40,6,48
40,4,38
40,6,50
40,3,33
40,4,86
41,6,78
41,6,41
42,5,42
42,6,56
42,4,39
42,5,42
42,7,64
43,4,40
43,4,40
43,4,40
43,24,419
43,9,56
44,6,59
44,7,47
45,7,96
45,4,39
45,4,44
45,4,45
45,4,14
45,6,47
45,4,14
45,4,14
45,6,94
46,3,52
46,4,44
46,37,285
47,9,205
47,4,47
48,4,42
48,36,540
48,4,48
48,5,80
49,6,92
49,3,14
49,6,124
49,6,75
50,3,11
50,3,11
50,4,41
50,3,11
50,10,112
50,3,11
50,3,11
50,3,11
50,11,170
51,9,115
52,5,57
53,5,61
53,6,49
53,4,50
53,5,61
54,4,53
54,4,54
54,8,179
54,4,54
54,7,118
55,12,46
55,12,122
55,7,62
56,3,45
56,4,69
56,6,52
57,4,54
58,6,58
58,4,42
60,13,85
60,10,57
60,4,59
60,4,55
60,6,57
60,15,259
60,6,62
61,22,220
61,4,59
62,5,49
62,6,68
63,5,48
64,3,66
65,8,67
65,7,64
65,6,60
65,4,59
65,4,38
67,13,59
67,10,73
67,10,63
67,6,52
67,6,53
67,11,114
68,6,75
68,6,80
68,4,64
68,4,42
68,10,56
69,5,51
70,4,67
70,5,65
70,16,144
71,7,67
71,7,60
72,6,130
72,7,75
72,4,71
72,4,59
72,6,72
72,10,58
73,3,36
73,3,36
73,3,23
73,4,60
74,10,114
75,3,34
75,3,34
75,3,34
77,7,108
79,14,60
79,8,79
80,7,81
80,6,68
80,7,68
80,7,55
80,7,80
80,6,81
82,7,82
83,9,79
84,9,85
85,7,82
87,10,86
87,5,79
87,7,80
88,7,55
92,6,82
94,8,111
94,7,86
95,12,117
96,8,138
98,8,110
98,12,117
99,7,143
99,12,204
99,27,491
99,20,116
99,7,110
99,9,130
99,9,130
99,13,186
137,27,235
144,11,122
149,11,121
240,27,301
340,9,325
